{
  "created_at": "2026-01-18T18:02:29.793281Z",
  "description": "Initial baseline from TCGA slides with 20 concurrent connections",
  "metrics": {
    "requests_per_sec": 44.65582630258221,
    "success_rate": 100.0,
    "p50_ms": 527.124199,
    "p90_ms": 557.954244,
    "p95_ms": 564.5460730000001,
    "p99_ms": 578.905558
  },
  "raw_data": {
    "summary": {
      "successRate": 1.0,
      "total": 30.007282609,
      "slowest": 0.599721819,
      "fastest": 0.027209147,
      "average": 0.4501082052939393,
      "requestsPerSec": 44.65582630258221,
      "totalData": 5404080,
      "sizePerRequest": 4094,
      "sizePerSec": 180092.28194422275
    },
    "responseTimeHistogram": {
      "0.027209147": 1,
      "0.0844604142": 202,
      "0.14171168139999998": 24,
      "0.19896294859999997": 4,
      "0.2562142158": 4,
      "0.313465483": 1,
      "0.37071675019999994": 3,
      "0.42796801739999996": 2,
      "0.48521928459999997": 8,
      "0.5424705517999999": 682,
      "0.599721819": 389
    },
    "latencyPercentiles": {
      "p10": 0.068543644,
      "p25": 0.505791205,
      "p50": 0.527124199,
      "p75": 0.545522472,
      "p90": 0.557954244,
      "p95": 0.564546073,
      "p99": 0.578905558,
      "p99.9": 0.59607328,
      "p99.99": 0.599721819
    },
    "rps": {
      "mean": 28874.193265230362,
      "stddev": 964723.1848951668,
      "max": 33333330.575321194,
      "min": 19.983695702350346,
      "percentiles": {
        "p10": 25.598587777109657,
        "p25": 28.246009523819943,
        "p50": 31.68769218981417,
        "p75": 155.03267856313718,
        "p90": 500.63875246830406,
        "p95": 917.303275139838,
        "p99": 12072.337445898871,
        "p99.9": 341880.34182995924,
        "p99.99": 33333330.575321194
      }
    },
    "details": {
      "DNSDialup": {
        "average": 0.0006074041,
        "fastest": 0.000105827,
        "slowest": 0.001841543
      },
      "DNSLookup": {
        "average": 3.813065000000001e-05,
        "fastest": 3.036e-06,
        "slowest": 0.000243265
      }
    },
    "statusCodeDistribution": {
      "200": 1320
    },
    "errorDistribution": {
      "aborted due to deadline": 20
    }
  }
}