{
  "SMOKE": {
    "tier": "SMOKE",
    "timestamp": "2026-01-22T11:21:45.573874+00:00",
    "tile_p99_ms": 0.6844583333333333,
    "overlay_p99_ms": 0.653153,
    "cursor_p99_ms": null,
    "viewport_p99_ms": null,
    "error_rate_pct": 0.0,
    "throughput": 105.66382458464953
  }
}